2025-04-05 20:39:28,pressed key I understand,
2025-04-05 20:39:28,Loaded image,/content/TheEndlessTuning/ET_Pneumonia_224px/case_studies/0/414.jpg
2025-04-05 20:39:33,Proceeding to next page...,
2025-04-05 20:39:39,temporary_notes_3,
2025-04-05 20:39:39,First impression: No_Pneumonia,
2025-04-05 20:39:39,Saved their impression at page 3,
2025-04-05 20:39:40,Model parameters have been tuned.,
2025-04-05 20:40:54,Model parameters have been tuned.,
2025-04-05 20:40:54,Beginning new session,
2025-04-05 20:40:54,Loaded image,/content/TheEndlessTuning/ET_Pneumonia_224px/case_studies/0/414.jpg
2025-04-05 20:41:06,Proceeding to next page...,
2025-04-05 20:41:10,Saved their impression at page 3,
2025-04-05 20:41:10,Model parameters have been tuned.,
2025-04-05 20:42:45,Beginning new session,
2025-04-05 20:42:45,Loaded image,/content/TheEndlessTuning/ET_Pneumonia_224px/case_studies/0/414.jpg
2025-04-05 20:42:49,Proceeding to next page...,
2025-04-05 20:42:53,Saved their impression at page 3,
